{
    "vitcnn-attn": {
        "flickr": {
            "bs64_lr0.0005_es256_nl1": {
                "val_greedy_bleus": 0.1974336371161856,
                "val_greedy_meteors": 0.3733854196722689,
                "val_greedy_ciders": 0.41372777954574097,
                "val_beam_bleus": 0.21932036305711955,
                "val_beam_meteors": 0.3825605785947047,
                "val_beam_ciders": 0.4464418766484949
            }
        }
    },
    "cnn-rnn": {
        "flickr": {
            "bs128_lr0.0005_es256_nl-1": {
                "val_greedy_bleus": 0.18570019966238274,
                "val_greedy_meteors": 0.36122056370775685,
                "val_greedy_ciders": 0.3438733952475365,
                "val_beam_bleus": 0.19625051988514086,
                "val_beam_meteors": 0.3641637332185987,
                "val_beam_ciders": 0.3655153855532389
            }
        }
    },
    "cnn-attn": {
        "flickr": {
            "bs64_lr0.001_es512_nl1": {
                "val_greedy_bleus": 0.1883587531056353,
                "val_greedy_meteors": 0.3700915897946055,
                "val_greedy_ciders": 0.3900292957884123,
                "val_beam_bleus": 0.20899286842518414,
                "val_beam_meteors": 0.3682815541979244,
                "val_beam_ciders": 0.41162841529771915
            }
        }
    },
    "vit-attn": {
        "flickr": {
            "bs64_lr0.0005_es512_nl2": {
                "val_greedy_bleus": 0.18463432349901918,
                "val_greedy_meteors": 0.37466392182429226,
                "val_greedy_ciders": 0.4074018710153732,
                "val_beam_bleus": 0.20749852203625913,
                "val_beam_meteors": 0.3741140976399085,
                "val_beam_ciders": 0.43196502029649914
            }
        }
    },
    "yolocnn-attn": {
        "flickr": {
            "bs64_lr0.001_es256_nl2": {
                "val_greedy_bleus": 0.16775275478682541,
                "val_greedy_meteors": 0.3531747569936082,
                "val_greedy_ciders": 0.3409842705733737,
                "val_beam_bleus": 0.18565640130086516,
                "val_beam_meteors": 0.3537927736180101,
                "val_beam_ciders": 0.3604992610929565
            }
        }
    },
    "yolo-attn": {
        "flickr": {
            "bs64_lr0.0005_es256_nl2": {
                "val_greedy_bleus": 0.11695046710699086,
                "val_greedy_meteors": 0.27345541857317995,
                "val_greedy_ciders": 0.10648062164949121,
                "val_beam_bleus": 0.11814045017224536,
                "val_beam_meteors": 0.2741881440827229,
                "val_beam_ciders": 0.11786670277203927
            }
        }
    }
}